act,cell_index,cell_x,cell_y,block,mapping_slot,tile,attribute
mghz1,420,1152,96,0xd2,12,0x1a8,0x1a8
mghz1,420,1152,96,0xd2,13,0x1a8,0x3a8
mghz1,420,1152,96,0xd2,14,0x1a9,0x1a9
mghz1,420,1152,96,0xd2,15,0x1a9,0x3a9
mghz1,423,1248,96,0xd2,12,0x1a8,0x1a8
mghz1,423,1248,96,0xd2,13,0x1a8,0x3a8
mghz1,423,1248,96,0xd2,14,0x1a9,0x1a9
mghz1,423,1248,96,0xd2,15,0x1a9,0x3a9
mghz1,607,3040,128,0xd3,12,0x1a9,0x1a9
mghz1,607,3040,128,0xd3,13,0x1a9,0x3a9
mghz1,607,3040,128,0xd3,14,0x1a8,0x1a8
mghz1,607,3040,128,0xd3,15,0x1a8,0x3a8
mghz1,609,3104,128,0xd2,12,0x1a8,0x1a8
mghz1,609,3104,128,0xd2,13,0x1a8,0x3a8
mghz1,609,3104,128,0xd2,14,0x1a9,0x1a9
mghz1,609,3104,128,0xd2,15,0x1a9,0x3a9
mghz1,769,32,192,0xd3,12,0x1a9,0x1a9
mghz1,769,32,192,0xd3,13,0x1a9,0x3a9
mghz1,769,32,192,0xd3,14,0x1a8,0x1a8
mghz1,769,32,192,0xd3,15,0x1a8,0x3a8
mghz1,771,96,192,0xd3,12,0x1a9,0x1a9
mghz1,771,96,192,0xd3,13,0x1a9,0x3a9
mghz1,771,96,192,0xd3,14,0x1a8,0x1a8
mghz1,771,96,192,0xd3,15,0x1a8,0x3a8
mghz1,773,160,192,0xd2,12,0x1a8,0x1a8
mghz1,773,160,192,0xd2,13,0x1a8,0x3a8
mghz1,773,160,192,0xd2,14,0x1a9,0x1a9
mghz1,773,160,192,0xd2,15,0x1a9,0x3a9
mghz1,776,256,192,0xd3,12,0x1a9,0x1a9
mghz1,776,256,192,0xd3,13,0x1a9,0x3a9
mghz1,776,256,192,0xd3,14,0x1a8,0x1a8
mghz1,776,256,192,0xd3,15,0x1a8,0x3a8
mghz1,778,320,192,0xd2,12,0x1a8,0x1a8
mghz1,778,320,192,0xd2,13,0x1a8,0x3a8
mghz1,778,320,192,0xd2,14,0x1a9,0x1a9
mghz1,778,320,192,0xd2,15,0x1a9,0x3a9
mghz1,779,352,192,0xd3,12,0x1a9,0x1a9
mghz1,779,352,192,0xd3,13,0x1a9,0x3a9
mghz1,779,352,192,0xd3,14,0x1a8,0x1a8
mghz1,779,352,192,0xd3,15,0x1a8,0x3a8
mghz1,831,2016,192,0xd3,12,0x1a9,0x1a9
mghz1,831,2016,192,0xd3,13,0x1a9,0x3a9
mghz1,831,2016,192,0xd3,14,0x1a8,0x1a8
mghz1,831,2016,192,0xd3,15,0x1a8,0x3a8
mghz1,835,2144,192,0xd3,12,0x1a9,0x1a9
mghz1,835,2144,192,0xd3,13,0x1a9,0x3a9
mghz1,835,2144,192,0xd3,14,0x1a8,0x1a8
mghz1,835,2144,192,0xd3,15,0x1a8,0x3a8
mghz1,841,2336,192,0xd2,12,0x1a8,0x1a8
mghz1,841,2336,192,0xd2,13,0x1a8,0x3a8
mghz1,841,2336,192,0xd2,14,0x1a9,0x1a9
mghz1,841,2336,192,0xd2,15,0x1a9,0x3a9
mghz1,845,2464,192,0xd3,12,0x1a9,0x1a9
mghz1,845,2464,192,0xd3,13,0x1a9,0x3a9
mghz1,845,2464,192,0xd3,14,0x1a8,0x1a8
mghz1,845,2464,192,0xd3,15,0x1a8,0x3a8
mghz1,849,2592,192,0xd3,12,0x1a9,0x1a9
mghz1,849,2592,192,0xd3,13,0x1a9,0x3a9
mghz1,849,2592,192,0xd3,14,0x1a8,0x1a8
mghz1,849,2592,192,0xd3,15,0x1a8,0x3a8
mghz1,852,2688,192,0xd2,12,0x1a8,0x1a8
mghz1,852,2688,192,0xd2,13,0x1a8,0x3a8
mghz1,852,2688,192,0xd2,14,0x1a9,0x1a9
mghz1,852,2688,192,0xd2,15,0x1a9,0x3a9
mghz1,857,2848,192,0xd2,12,0x1a8,0x1a8
mghz1,857,2848,192,0xd2,13,0x1a8,0x3a8
mghz1,857,2848,192,0xd2,14,0x1a9,0x1a9
mghz1,857,2848,192,0xd2,15,0x1a9,0x3a9
mghz1,944,1536,224,0xd3,12,0x1a9,0x1a9
mghz1,944,1536,224,0xd3,13,0x1a9,0x3a9
mghz1,944,1536,224,0xd3,14,0x1a8,0x1a8
mghz1,944,1536,224,0xd3,15,0x1a8,0x3a8
mghz1,945,1568,224,0xd2,12,0x1a8,0x1a8
mghz1,945,1568,224,0xd2,13,0x1a8,0x3a8
mghz1,945,1568,224,0xd2,14,0x1a9,0x1a9
mghz1,945,1568,224,0xd2,15,0x1a9,0x3a9
mghz1,951,1760,224,0xd3,12,0x1a9,0x1a9
mghz1,951,1760,224,0xd3,13,0x1a9,0x3a9
mghz1,951,1760,224,0xd3,14,0x1a8,0x1a8
mghz1,951,1760,224,0xd3,15,0x1a8,0x3a8
mghz1,954,1856,224,0xd2,12,0x1a8,0x1a8
mghz1,954,1856,224,0xd2,13,0x1a8,0x3a8
mghz1,954,1856,224,0xd2,14,0x1a9,0x1a9
mghz1,954,1856,224,0xd2,15,0x1a9,0x3a9
mghz1,1381,3232,320,0xd2,12,0x1a8,0x1a8
mghz1,1381,3232,320,0xd2,13,0x1a8,0x3a8
mghz1,1381,3232,320,0xd2,14,0x1a9,0x1a9
mghz1,1381,3232,320,0xd2,15,0x1a9,0x3a9
mghz1,1392,3584,320,0xd3,12,0x1a9,0x1a9
mghz1,1392,3584,320,0xd3,13,0x1a9,0x3a9
mghz1,1392,3584,320,0xd3,14,0x1a8,0x1a8
mghz1,1392,3584,320,0xd3,15,0x1a8,0x3a8
mghz1,1497,2848,352,0xd3,12,0x1a9,0x1a9
mghz1,1497,2848,352,0xd3,13,0x1a9,0x3a9
mghz1,1497,2848,352,0xd3,14,0x1a8,0x1a8
mghz1,1497,2848,352,0xd3,15,0x1a8,0x3a8
mghz1,1501,2976,352,0xd2,12,0x1a8,0x1a8
mghz1,1501,2976,352,0xd2,13,0x1a8,0x3a8
mghz1,1501,2976,352,0xd2,14,0x1a9,0x1a9
mghz1,1501,2976,352,0xd2,15,0x1a9,0x3a9
mghz1,1524,3712,352,0xd3,12,0x1a9,0x1a9
mghz1,1524,3712,352,0xd3,13,0x1a9,0x3a9
mghz1,1524,3712,352,0xd3,14,0x1a8,0x1a8
mghz1,1524,3712,352,0xd3,15,0x1a8,0x3a8
mghz1,1528,3840,352,0xd3,12,0x1a9,0x1a9
mghz1,1528,3840,352,0xd3,13,0x1a9,0x3a9
mghz1,1528,3840,352,0xd3,14,0x1a8,0x1a8
mghz1,1528,3840,352,0xd3,15,0x1a8,0x3a8
mghz1,1533,4000,352,0xd3,12,0x1a9,0x1a9
mghz1,1533,4000,352,0xd3,13,0x1a9,0x3a9
mghz1,1533,4000,352,0xd3,14,0x1a8,0x1a8
mghz1,1533,4000,352,0xd3,15,0x1a8,0x3a8
mghz1,2692,128,672,0xd2,12,0x1a8,0x1a8
mghz1,2692,128,672,0xd2,13,0x1a8,0x3a8
mghz1,2692,128,672,0xd2,14,0x1a9,0x1a9
mghz1,2692,128,672,0xd2,15,0x1a9,0x3a9
mghz1,2693,160,672,0xd3,12,0x1a9,0x1a9
mghz1,2693,160,672,0xd3,13,0x1a9,0x3a9
mghz1,2693,160,672,0xd3,14,0x1a8,0x1a8
mghz1,2693,160,672,0xd3,15,0x1a8,0x3a8
mghz1,2841,800,704,0xd2,12,0x1a8,0x1a8
mghz1,2841,800,704,0xd2,13,0x1a8,0x3a8
mghz1,2841,800,704,0xd2,14,0x1a9,0x1a9
mghz1,2841,800,704,0xd2,15,0x1a9,0x3a9
mghz1,2881,2080,704,0xd2,12,0x1a8,0x1a8
mghz1,2881,2080,704,0xd2,13,0x1a8,0x3a8
mghz1,2881,2080,704,0xd2,14,0x1a9,0x1a9
mghz1,2881,2080,704,0xd2,15,0x1a9,0x3a9
mghz1,2884,2176,704,0xd3,12,0x1a9,0x1a9
mghz1,2884,2176,704,0xd3,13,0x1a9,0x3a9
mghz1,2884,2176,704,0xd3,14,0x1a8,0x1a8
mghz1,2884,2176,704,0xd3,15,0x1a8,0x3a8
mghz1,2973,928,736,0xd3,12,0x1a9,0x1a9
mghz1,2973,928,736,0xd3,13,0x1a9,0x3a9
mghz1,2973,928,736,0xd3,14,0x1a8,0x1a8
mghz1,2973,928,736,0xd3,15,0x1a8,0x3a8
mghz1,2996,1664,736,0xd2,12,0x1a8,0x1a8
mghz1,2996,1664,736,0xd2,13,0x1a8,0x3a8
mghz1,2996,1664,736,0xd2,14,0x1a9,0x1a9
mghz1,2996,1664,736,0xd2,15,0x1a9,0x3a9
mghz1,3002,1856,736,0xd3,12,0x1a9,0x1a9
mghz1,3002,1856,736,0xd3,13,0x1a9,0x3a9
mghz1,3002,1856,736,0xd3,14,0x1a8,0x1a8
mghz1,3002,1856,736,0xd3,15,0x1a8,0x3a8
mghz1,3294,3008,800,0xd2,12,0x1a8,0x1a8
mghz1,3294,3008,800,0xd2,13,0x1a8,0x3a8
mghz1,3294,3008,800,0xd2,14,0x1a9,0x1a9
mghz1,3294,3008,800,0xd2,15,0x1a9,0x3a9
mghz2,533,672,128,0xd2,12,0x1a8,0x1a8
mghz2,533,672,128,0xd2,13,0x1a8,0x3a8
mghz2,533,672,128,0xd2,14,0x1a9,0x1a9
mghz2,533,672,128,0xd2,15,0x1a9,0x3a9
mghz2,540,896,128,0xd2,12,0x1a8,0x1a8
mghz2,540,896,128,0xd2,13,0x1a8,0x3a8
mghz2,540,896,128,0xd2,14,0x1a9,0x1a9
mghz2,540,896,128,0xd2,15,0x1a9,0x3a9
mghz2,542,960,128,0xd3,12,0x1a9,0x1a9
mghz2,542,960,128,0xd3,13,0x1a9,0x3a9
mghz2,542,960,128,0xd3,14,0x1a8,0x1a8
mghz2,542,960,128,0xd3,15,0x1a8,0x3a8
mghz2,546,1088,128,0xd2,12,0x1a8,0x1a8
mghz2,546,1088,128,0xd2,13,0x1a8,0x3a8
mghz2,546,1088,128,0xd2,14,0x1a9,0x1a9
mghz2,546,1088,128,0xd2,15,0x1a9,0x3a9
mghz2,549,1184,128,0xd3,12,0x1a9,0x1a9
mghz2,549,1184,128,0xd3,13,0x1a9,0x3a9
mghz2,549,1184,128,0xd3,14,0x1a8,0x1a8
mghz2,549,1184,128,0xd3,15,0x1a8,0x3a8
mghz2,552,1280,128,0xd3,12,0x1a9,0x1a9
mghz2,552,1280,128,0xd3,13,0x1a9,0x3a9
mghz2,552,1280,128,0xd3,14,0x1a8,0x1a8
mghz2,552,1280,128,0xd3,15,0x1a8,0x3a8
mghz2,554,1344,128,0xd3,12,0x1a9,0x1a9
mghz2,554,1344,128,0xd3,13,0x1a9,0x3a9
mghz2,554,1344,128,0xd3,14,0x1a8,0x1a8
mghz2,554,1344,128,0xd3,15,0x1a8,0x3a8
mghz2,720,2560,160,0xd2,12,0x1a8,0x1a8
mghz2,720,2560,160,0xd2,13,0x1a8,0x3a8
mghz2,720,2560,160,0xd2,14,0x1a9,0x1a9
mghz2,720,2560,160,0xd2,15,0x1a9,0x3a9
mghz2,721,2592,160,0xd3,12,0x1a9,0x1a9
mghz2,721,2592,160,0xd3,13,0x1a9,0x3a9
mghz2,721,2592,160,0xd3,14,0x1a8,0x1a8
mghz2,721,2592,160,0xd3,15,0x1a8,0x3a8
mghz2,853,2720,192,0xd2,12,0x1a8,0x1a8
mghz2,853,2720,192,0xd2,13,0x1a8,0x3a8
mghz2,853,2720,192,0xd2,14,0x1a9,0x1a9
mghz2,853,2720,192,0xd2,15,0x1a9,0x3a9
mghz2,856,2816,192,0xd3,12,0x1a9,0x1a9
mghz2,856,2816,192,0xd3,13,0x1a9,0x3a9
mghz2,856,2816,192,0xd3,14,0x1a8,0x1a8
mghz2,856,2816,192,0xd3,15,0x1a8,0x3a8
mghz2,857,2848,192,0xd2,12,0x1a8,0x1a8
mghz2,857,2848,192,0xd2,13,0x1a8,0x3a8
mghz2,857,2848,192,0xd2,14,0x1a9,0x1a9
mghz2,857,2848,192,0xd2,15,0x1a9,0x3a9
mghz2,861,2976,192,0xd3,12,0x1a9,0x1a9
mghz2,861,2976,192,0xd3,13,0x1a9,0x3a9
mghz2,861,2976,192,0xd3,14,0x1a8,0x1a8
mghz2,861,2976,192,0xd3,15,0x1a8,0x3a8
mghz2,863,3040,192,0xd3,12,0x1a9,0x1a9
mghz2,863,3040,192,0xd3,13,0x1a9,0x3a9
mghz2,863,3040,192,0xd3,14,0x1a8,0x1a8
mghz2,863,3040,192,0xd3,15,0x1a8,0x3a8
mghz2,865,3104,192,0xd3,12,0x1a9,0x1a9
mghz2,865,3104,192,0xd3,13,0x1a9,0x3a9
mghz2,865,3104,192,0xd3,14,0x1a8,0x1a8
mghz2,865,3104,192,0xd3,15,0x1a8,0x3a8
mghz2,965,2208,224,0xd3,12,0x1a9,0x1a9
mghz2,965,2208,224,0xd3,13,0x1a9,0x3a9
mghz2,965,2208,224,0xd3,14,0x1a8,0x1a8
mghz2,965,2208,224,0xd3,15,0x1a8,0x3a8
mghz2,1138,3648,256,0xd2,12,0x1a8,0x1a8
mghz2,1138,3648,256,0xd2,13,0x1a8,0x3a8
mghz2,1138,3648,256,0xd2,14,0x1a9,0x1a9
mghz2,1138,3648,256,0xd2,15,0x1a9,0x3a9
mghz2,1142,3776,256,0xd2,12,0x1a8,0x1a8
mghz2,1142,3776,256,0xd2,13,0x1a8,0x3a8
mghz2,1142,3776,256,0xd2,14,0x1a9,0x1a9
mghz2,1142,3776,256,0xd2,15,0x1a9,0x3a9
mghz2,1149,4000,256,0xd3,12,0x1a9,0x1a9
mghz2,1149,4000,256,0xd3,13,0x1a9,0x3a9
mghz2,1149,4000,256,0xd3,14,0x1a8,0x1a8
mghz2,1149,4000,256,0xd3,15,0x1a8,0x3a8
mghz2,1151,4064,256,0xd3,12,0x1a9,0x1a9
mghz2,1151,4064,256,0xd3,13,0x1a9,0x3a9
mghz2,1151,4064,256,0xd3,14,0x1a8,0x1a8
mghz2,1151,4064,256,0xd3,15,0x1a8,0x3a8
mghz2,1152,0,288,0xd2,12,0x1a8,0x1a8
mghz2,1152,0,288,0xd2,13,0x1a8,0x3a8
mghz2,1152,0,288,0xd2,14,0x1a9,0x1a9
mghz2,1152,0,288,0xd2,15,0x1a9,0x3a9
mghz2,1153,32,288,0xd3,12,0x1a9,0x1a9
mghz2,1153,32,288,0xd3,13,0x1a9,0x3a9
mghz2,1153,32,288,0xd3,14,0x1a8,0x1a8
mghz2,1153,32,288,0xd3,15,0x1a8,0x3a8
mghz2,1156,128,288,0xd2,12,0x1a8,0x1a8
mghz2,1156,128,288,0xd2,13,0x1a8,0x3a8
mghz2,1156,128,288,0xd2,14,0x1a9,0x1a9
mghz2,1156,128,288,0xd2,15,0x1a9,0x3a9
mghz2,1159,224,288,0xd3,12,0x1a9,0x1a9
mghz2,1159,224,288,0xd3,13,0x1a9,0x3a9
mghz2,1159,224,288,0xd3,14,0x1a8,0x1a8
mghz2,1159,224,288,0xd3,15,0x1a8,0x3a8
mghz2,2064,512,512,0xd2,12,0x1a8,0x1a8
mghz2,2064,512,512,0xd2,13,0x1a8,0x3a8
mghz2,2064,512,512,0xd2,14,0x1a9,0x1a9
mghz2,2064,512,512,0xd2,15,0x1a9,0x3a9
mghz2,2065,544,512,0xd3,12,0x1a9,0x1a9
mghz2,2065,544,512,0xd3,13,0x1a9,0x3a9
mghz2,2065,544,512,0xd3,14,0x1a8,0x1a8
mghz2,2065,544,512,0xd3,15,0x1a8,0x3a8
mghz2,2068,640,512,0xd2,12,0x1a8,0x1a8
mghz2,2068,640,512,0xd2,13,0x1a8,0x3a8
mghz2,2068,640,512,0xd2,14,0x1a9,0x1a9
mghz2,2068,640,512,0xd2,15,0x1a9,0x3a9
mghz2,2149,3232,512,0xd3,12,0x1a9,0x1a9
mghz2,2149,3232,512,0xd3,13,0x1a9,0x3a9
mghz2,2149,3232,512,0xd3,14,0x1a8,0x1a8
mghz2,2149,3232,512,0xd3,15,0x1a8,0x3a8
mghz2,2153,3360,512,0xd3,12,0x1a9,0x1a9
mghz2,2153,3360,512,0xd3,13,0x1a9,0x3a9
mghz2,2153,3360,512,0xd3,14,0x1a8,0x1a8
mghz2,2153,3360,512,0xd3,15,0x1a8,0x3a8
mghz2,2155,3424,512,0xd2,12,0x1a8,0x1a8
mghz2,2155,3424,512,0xd2,13,0x1a8,0x3a8
mghz2,2155,3424,512,0xd2,14,0x1a9,0x1a9
mghz2,2155,3424,512,0xd2,15,0x1a9,0x3a9
mghz2,2157,3488,512,0xd3,12,0x1a9,0x1a9
mghz2,2157,3488,512,0xd3,13,0x1a9,0x3a9
mghz2,2157,3488,512,0xd3,14,0x1a8,0x1a8
mghz2,2157,3488,512,0xd3,15,0x1a8,0x3a8
mghz2,2158,3520,512,0xd2,12,0x1a8,0x1a8
mghz2,2158,3520,512,0xd2,13,0x1a8,0x3a8
mghz2,2158,3520,512,0xd2,14,0x1a9,0x1a9
mghz2,2158,3520,512,0xd2,15,0x1a9,0x3a9
mghz2,2182,192,544,0xd2,12,0x1a8,0x1a8
mghz2,2182,192,544,0xd2,13,0x1a8,0x3a8
mghz2,2182,192,544,0xd2,14,0x1a9,0x1a9
mghz2,2182,192,544,0xd2,15,0x1a9,0x3a9
mghz2,2184,256,544,0xd3,12,0x1a9,0x1a9
mghz2,2184,256,544,0xd3,13,0x1a9,0x3a9
mghz2,2184,256,544,0xd3,14,0x1a8,0x1a8
mghz2,2184,256,544,0xd3,15,0x1a8,0x3a8
mghz2,2187,352,544,0xd2,12,0x1a8,0x1a8
mghz2,2187,352,544,0xd2,13,0x1a8,0x3a8
mghz2,2187,352,544,0xd2,14,0x1a9,0x1a9
mghz2,2187,352,544,0xd2,15,0x1a9,0x3a9
mghz2,2235,1888,544,0xd2,12,0x1a8,0x1a8
mghz2,2235,1888,544,0xd2,13,0x1a8,0x3a8
mghz2,2235,1888,544,0xd2,14,0x1a9,0x1a9
mghz2,2235,1888,544,0xd2,15,0x1a9,0x3a9
mghz2,2236,1920,544,0xd3,12,0x1a9,0x1a9
mghz2,2236,1920,544,0xd3,13,0x1a9,0x3a9
mghz2,2236,1920,544,0xd3,14,0x1a8,0x1a8
mghz2,2236,1920,544,0xd3,15,0x1a8,0x3a8
mghz2,2239,2016,544,0xd3,12,0x1a9,0x1a9
mghz2,2239,2016,544,0xd3,13,0x1a9,0x3a9
mghz2,2239,2016,544,0xd3,14,0x1a8,0x1a8
mghz2,2239,2016,544,0xd3,15,0x1a8,0x3a8
mghz2,2240,2048,544,0xd3,12,0x1a9,0x1a9
mghz2,2240,2048,544,0xd3,13,0x1a9,0x3a9
mghz2,2240,2048,544,0xd3,14,0x1a8,0x1a8
mghz2,2240,2048,544,0xd3,15,0x1a8,0x3a8
mghz2,2241,2080,544,0xd2,12,0x1a8,0x1a8
mghz2,2241,2080,544,0xd2,13,0x1a8,0x3a8
mghz2,2241,2080,544,0xd2,14,0x1a9,0x1a9
mghz2,2241,2080,544,0xd2,15,0x1a9,0x3a9
mghz2,3378,1600,832,0xd3,12,0x1a9,0x1a9
mghz2,3378,1600,832,0xd3,13,0x1a9,0x3a9
mghz2,3378,1600,832,0xd3,14,0x1a8,0x1a8
mghz2,3378,1600,832,0xd3,15,0x1a8,0x3a8
mghz2,3477,672,864,0xd3,12,0x1a9,0x1a9
mghz2,3477,672,864,0xd3,13,0x1a9,0x3a9
mghz2,3477,672,864,0xd3,14,0x1a8,0x1a8
mghz2,3477,672,864,0xd3,15,0x1a8,0x3a8
mghz2,3509,1696,864,0xd2,12,0x1a8,0x1a8
mghz2,3509,1696,864,0xd2,13,0x1a8,0x3a8
mghz2,3509,1696,864,0xd2,14,0x1a9,0x1a9
mghz2,3509,1696,864,0xd2,15,0x1a9,0x3a9
mghz2,3513,1824,864,0xd2,12,0x1a8,0x1a8
mghz2,3513,1824,864,0xd2,13,0x1a8,0x3a8
mghz2,3513,1824,864,0xd2,14,0x1a9,0x1a9
mghz2,3513,1824,864,0xd2,15,0x1a9,0x3a9
mghz3,601,32,160,0xd2,12,0x1a8,0x1a8
mghz3,601,32,160,0xd2,13,0x1a8,0x3a8
mghz3,601,32,160,0xd2,14,0x1a9,0x1a9
mghz3,601,32,160,0xd2,15,0x1a9,0x3a9
mghz3,606,192,160,0xd2,12,0x1a8,0x1a8
mghz3,606,192,160,0xd2,13,0x1a8,0x3a8
mghz3,606,192,160,0xd2,14,0x1a9,0x1a9
mghz3,606,192,160,0xd2,15,0x1a9,0x3a9
mghz3,610,320,160,0xd3,12,0x1a9,0x1a9
mghz3,610,320,160,0xd3,13,0x1a9,0x3a9
mghz3,610,320,160,0xd3,14,0x1a8,0x1a8
mghz3,610,320,160,0xd3,15,0x1a8,0x3a8
mghz3,612,384,160,0xd2,12,0x1a8,0x1a8
mghz3,612,384,160,0xd2,13,0x1a8,0x3a8
mghz3,612,384,160,0xd2,14,0x1a9,0x1a9
mghz3,612,384,160,0xd2,15,0x1a9,0x3a9
mghz3,632,1024,160,0xd2,12,0x1a8,0x1a8
mghz3,632,1024,160,0xd2,13,0x1a8,0x3a8
mghz3,632,1024,160,0xd2,14,0x1a9,0x1a9
mghz3,632,1024,160,0xd2,15,0x1a9,0x3a9
mghz3,633,1056,160,0xd3,12,0x1a9,0x1a9
mghz3,633,1056,160,0xd3,13,0x1a9,0x3a9
mghz3,633,1056,160,0xd3,14,0x1a8,0x1a8
mghz3,633,1056,160,0xd3,15,0x1a8,0x3a8
mghz3,1369,1568,352,0xd3,12,0x1a9,0x1a9
mghz3,1369,1568,352,0xd3,13,0x1a9,0x3a9
mghz3,1369,1568,352,0xd3,14,0x1a8,0x1a8
mghz3,1369,1568,352,0xd3,15,0x1a8,0x3a8
mghz3,1374,1728,352,0xd2,12,0x1a8,0x1a8
mghz3,1374,1728,352,0xd2,13,0x1a8,0x3a8
mghz3,1374,1728,352,0xd2,14,0x1a9,0x1a9
mghz3,1374,1728,352,0xd2,15,0x1a9,0x3a9
mghz3,1375,1760,352,0xd3,12,0x1a9,0x1a9
mghz3,1375,1760,352,0xd3,13,0x1a9,0x3a9
mghz3,1375,1760,352,0xd3,14,0x1a8,0x1a8
mghz3,1375,1760,352,0xd3,15,0x1a8,0x3a8
mghz3,1407,2784,352,0xd3,12,0x1a9,0x1a9
mghz3,1407,2784,352,0xd3,13,0x1a9,0x3a9
mghz3,1407,2784,352,0xd3,14,0x1a8,0x1a8
mghz3,1407,2784,352,0xd3,15,0x1a8,0x3a8
mghz3,1413,2976,352,0xd2,12,0x1a8,0x1a8
mghz3,1413,2976,352,0xd2,13,0x1a8,0x3a8
mghz3,1413,2976,352,0xd2,14,0x1a9,0x1a9
mghz3,1413,2976,352,0xd2,15,0x1a9,0x3a9
mghz3,1414,3008,352,0xd3,12,0x1a9,0x1a9
mghz3,1414,3008,352,0xd3,13,0x1a9,0x3a9
mghz3,1414,3008,352,0xd3,14,0x1a8,0x1a8
mghz3,1414,3008,352,0xd3,15,0x1a8,0x3a8
mghz3,1425,3360,352,0xd2,12,0x1a8,0x1a8
mghz3,1425,3360,352,0xd2,13,0x1a8,0x3a8
mghz3,1425,3360,352,0xd2,14,0x1a9,0x1a9
mghz3,1425,3360,352,0xd2,15,0x1a9,0x3a9
mghz3,1429,3488,352,0xd2,12,0x1a8,0x1a8
mghz3,1429,3488,352,0xd2,13,0x1a8,0x3a8
mghz3,1429,3488,352,0xd2,14,0x1a9,0x1a9
mghz3,1429,3488,352,0xd2,15,0x1a9,0x3a9
mghz3,1433,3616,352,0xd2,12,0x1a8,0x1a8
mghz3,1433,3616,352,0xd2,13,0x1a8,0x3a8
mghz3,1433,3616,352,0xd2,14,0x1a9,0x1a9
mghz3,1433,3616,352,0xd2,15,0x1a9,0x3a9
mghz3,1434,3648,352,0xd3,12,0x1a9,0x1a9
mghz3,1434,3648,352,0xd3,13,0x1a9,0x3a9
mghz3,1434,3648,352,0xd3,14,0x1a8,0x1a8
mghz3,1434,3648,352,0xd3,15,0x1a8,0x3a8
mghz3,1438,3776,352,0xd3,12,0x1a9,0x1a9
mghz3,1438,3776,352,0xd3,13,0x1a9,0x3a9
mghz3,1438,3776,352,0xd3,14,0x1a8,0x1a8
mghz3,1438,3776,352,0xd3,15,0x1a8,0x3a8
mghz3,2345,2080,608,0xd3,12,0x1a9,0x1a9
mghz3,2345,2080,608,0xd3,13,0x1a9,0x3a9
mghz3,2345,2080,608,0xd3,14,0x1a8,0x1a8
mghz3,2345,2080,608,0xd3,15,0x1a8,0x3a8
mghz3,2348,2176,608,0xd2,12,0x1a8,0x1a8
mghz3,2348,2176,608,0xd2,13,0x1a8,0x3a8
mghz3,2348,2176,608,0xd2,14,0x1a9,0x1a9
mghz3,2348,2176,608,0xd2,15,0x1a9,0x3a9
mghz3,2352,2304,608,0xd2,12,0x1a8,0x1a8
mghz3,2352,2304,608,0xd2,13,0x1a8,0x3a8
mghz3,2352,2304,608,0xd2,14,0x1a9,0x1a9
mghz3,2352,2304,608,0xd2,15,0x1a9,0x3a9
mghz3,2357,2464,608,0xd3,12,0x1a9,0x1a9
mghz3,2357,2464,608,0xd3,13,0x1a9,0x3a9
mghz3,2357,2464,608,0xd3,14,0x1a8,0x1a8
mghz3,2357,2464,608,0xd3,15,0x1a8,0x3a8
mghz3,2360,2560,608,0xd2,12,0x1a8,0x1a8
mghz3,2360,2560,608,0xd2,13,0x1a8,0x3a8
mghz3,2360,2560,608,0xd2,14,0x1a9,0x1a9
mghz3,2360,2560,608,0xd2,15,0x1a9,0x3a9
